full_name,avatar_url,email,password,address,zip_code,state,country,description
Jenica Petrolli,http://dummyimage.com/102x117.png/ff4444/ffffff,jpetrolli0@oaic.gov.au,zL8?<k>)!,20158 Laurel Street,91210,California,United States,"Nondisp transverse fx left patella, init for opn fx type I/2"
Jordan Camamill,http://dummyimage.com/104x116.png/cc0000/ffffff,jcamamill1@123-reg.co.uk,sI5@Za#\!fBu91,442 Garrison Court,32627,Florida,United States,"Burn of second degree of unspecified forearm, subs encntr"
Fonzie Duchart,http://dummyimage.com/105x106.png/ff4444/ffffff,fduchart2@merriam-webster.com,yC0!!AwXKomB,67999 Sunbrook Center,92196,California,United States,"Poisoning by anticoag antag, vitamin K and oth coag, assault"
Belinda Harniman,http://dummyimage.com/118x102.png/dddddd/000000,bharniman3@pagesperso-orange.fr,yY2|ir\Dx1QQYv,57134 Kenwood Alley,95173,California,United States,"Oligohydramnios, third trimester, fetus 2"
Clementia Licciardello,http://dummyimage.com/110x114.png/cc0000/ffffff,clicciardello4@craigslist.org,vF9@I!/jY%D=!_,6 Express Pass,04109,Maine,United States,"Disp fx of med malleolus of r tibia, 7thM"
Jennica Martel,http://dummyimage.com/112x119.png/dddddd/000000,jmartel5@globo.com,iL9~}+'CiQtj3o0,394 Muir Trail,06816,Connecticut,United States,"Corros second deg of unsp site left lower limb, ex ank/ft"
Sandy Atkyns,http://dummyimage.com/100x117.png/5fa2dd/ffffff,satkyns6@pcworld.com,rF0=Z&%k|gs9,5 Sherman Road,33963,Florida,United States,"Pedestrian injured nontraf involving unsp mv, sequela"
Yardley Newdick,http://dummyimage.com/100x110.png/ff4444/ffffff,ynewdick7@who.int,zN8\h`O6,42802 Brown Circle,95194,California,United States,"Nondisp fx of r ulna styloid pro, 7thK"
Evita Caesman,http://dummyimage.com/101x107.png/cc0000/ffffff,ecaesman8@mit.edu,bD1?Rg2nX9,1 Di Loreto Alley,95064,California,United States,Oth comp of fb acc left in body following kidney dialysis
Karlee Antonias,http://dummyimage.com/101x113.png/5fa2dd/ffffff,kantonias9@cbsnews.com,"zF3)hg>',QtH",13177 Dahle Park,55557,Minnesota,United States,"Open bite of abdominal wall, periumb rgn w penet perit cav"
Orrin Lynn,http://dummyimage.com/105x104.png/cc0000/ffffff,olynna@ox.ac.uk,dB6$xP=p,62173 Bunker Hill Point,36205,Alabama,United States,"Stress fracture, left foot, subs for fx w malunion"
Antoni Dansken,http://dummyimage.com/101x105.png/5fa2dd/ffffff,adanskenb@marriott.com,aX5>UF3},1 Linden Place,55423,Minnesota,United States,"Strain of unspecified Achilles tendon, initial encounter"
Colby McCallion,http://dummyimage.com/114x107.png/ff4444/ffffff,cmccallionc@opensource.org,nO5$2gH)iM=!M<Kf,98905 Spohn Park,15225,Pennsylvania,United States,Eversion of lacrimal punctum
Karilynn Kellart,http://dummyimage.com/108x115.png/5fa2dd/ffffff,kkellartd@intel.com,jG0!0kusO|ux&p,993 Cambridge Place,92612,California,United States,"Drown due to fall off (nonpowered) inflatable craft, subs"
Sada Le Friec,http://dummyimage.com/105x117.png/ff4444/ffffff,slee@ifeng.com,vH3@W@=m)0gr#wr,1 Comanche Parkway,99709,Alaska,United States,"Burn of first deg mult left fingers (nail), inc thumb, init"
Stefa Hindge,http://dummyimage.com/120x116.png/cc0000/ffffff,shindgef@marketwatch.com,xI5>*WAbJm{pBu?,210 Bunting Hill,46862,Indiana,United States,"Fetal anemia and thrombocytopenia, unsp trimester, fetus 2"
Hi Pevie,http://dummyimage.com/101x100.png/cc0000/ffffff,hpevieg@sphinn.com,rS6#ezH(vy@,0940 Carioca Point,74133,Oklahoma,United States,Stenosis of unspecified lacrimal sac
Rem Hugland,http://dummyimage.com/106x106.png/dddddd/000000,rhuglandh@msn.com,mH0#wl$@1Sc,4857 Roxbury Junction,36205,Alabama,United States,"Disp fx of dist phalanx of unsp fngr, subs for fx w nonunion"
Yuri Ainsby,http://dummyimage.com/108x115.png/ff4444/ffffff,yainsbyi@yahoo.co.jp,uB2|D?~~nD,61118 Mayer Court,06705,Connecticut,United States,"Toxic effect of contact w venom marine plant, slf-hrm, subs"
Sherry Hugueville,http://dummyimage.com/106x111.png/cc0000/ffffff,shuguevillej@japanpost.jp,dK1}EUi#,499 Ilene Junction,33467,Florida,United States,"Nondisp commnt fx l patella, 7thR"
Mame Dowdall,http://dummyimage.com/110x103.png/cc0000/ffffff,mdowdallk@cbc.ca,rL3.RHfg0|D~,719 Dapin Road,74193,Oklahoma,United States,Unsp car occupant injured in collision w unsp mv nontraf
Ingunna Grimston,http://dummyimage.com/106x106.png/5fa2dd/ffffff,igrimstonl@bloglovin.com,lO9~CAZ<J2E,12 Vera Center,06912,Connecticut,United States,"Nondisp fx of nk of r rad, 7thH"
Karoline Wanderschek,http://dummyimage.com/114x110.png/5fa2dd/ffffff,kwanderschekm@google.ru,oL8.5QcxLwLD}L,283 Northfield Point,27717,North Carolina,United States,Milt op involving fragments of improvised explosive device
Jay Francesch,http://dummyimage.com/106x102.png/dddddd/000000,jfranceschn@people.com.cn,bC5%IB'QOR6VZ@X,553 Parkside Park,20195,Virginia,United States,Other and unspecified injury to sacral spinal cord
Kyla Sharrem,http://dummyimage.com/104x118.png/ff4444/ffffff,ksharremo@naver.com,eQ2}@yz'57\,1221 Bluejay Junction,79405,Texas,United States,Intravaginal torsion of spermatic cord
Flynn Fantone,http://dummyimage.com/104x120.png/ff4444/ffffff,ffantonep@ucoz.com,"fU1""kpmXJCGak",96646 Briar Crest Trail,97229,Oregon,United States,"Corrosion of left eyelid and periocular area, subs encntr"
Stan Philott,http://dummyimage.com/104x105.png/ff4444/ffffff,sphilottq@webs.com,"dM7,ofFd{/t",16739 Welch Terrace,93386,California,United States,"Driver of dune buggy injured in nontraffic accident, sequela"
Orland Morphew,http://dummyimage.com/120x113.png/cc0000/ffffff,omorphewr@mysql.com,qL4@cp&y?($,2707 Gina Avenue,33416,Florida,United States,"Poisoning by mineralocorticoids and antag, self-harm, init"
Goldarina Rubanenko,http://dummyimage.com/101x111.png/cc0000/ffffff,grubanenkos@ow.ly,hR5=4.FL,4000 Mandrake Point,37245,Tennessee,United States,"Puncture wound w foreign body of unsp shoulder, subs encntr"
Gray Dumblton,http://dummyimage.com/104x101.png/5fa2dd/ffffff,gdumbltont@washington.edu,yH5`OK/}_!J,78 Banding Avenue,76147,Texas,United States,"Unsp fx upper end of unsp tibia, subs for clos fx w malunion"
Therine McGavigan,http://dummyimage.com/117x116.png/5fa2dd/ffffff,tmcgaviganu@netvibes.com,nR0!5HQh!z(N,50 Larry Park,11355,New York,United States,"Displ commnt fx shaft of r tibia, init for opn fx type I/2"
Beatrice Brecknell,http://dummyimage.com/106x105.png/ff4444/ffffff,bbrecknellv@bloglines.com,sT2$2VRQ,070 Welch Place,30323,Georgia,United States,"Oth maternal infec/parastc diseases comp preg, second tri"
Emmet Vannozzii,http://dummyimage.com/118x105.png/ff4444/ffffff,evannozziiw@zdnet.com,fI5`<1?#ny*,67564 Independence Pass,73109,Oklahoma,United States,"Strain extn musc/fasc/tend r rng fngr at wrs/hnd lv, sequela"
Heddi Jimes,http://dummyimage.com/107x100.png/dddddd/000000,hjimesx@umn.edu,bF0>q7kA46AHh!&<,2608 Pennsylvania Place,19196,Pennsylvania,United States,"Crushing injury of right ring finger, subsequent encounter"
Grier Althorp,http://dummyimage.com/104x108.png/ff4444/ffffff,galthorpy@diigo.com,fG5)%*k0XJ~'\Zg,2213 Pine View Way,80270,Colorado,United States,"Solitary bone cyst, left shoulder"
Peria Henric,http://dummyimage.com/117x114.png/dddddd/000000,phenricz@angelfire.com,vZ4@6%lD78B,0460 Red Cloud Alley,95823,California,United States,"Traumatic spondylopathy, occipito-atlanto-axial region"
Ania Rowat,http://dummyimage.com/109x104.png/ff4444/ffffff,arowat10@un.org,"nC8&sfL""57y8",10586 Stephen Terrace,83716,Idaho,United States,Rheumatoid polyneurop w rheumatoid arthritis of unsp hand
Kinnie Kempe,http://dummyimage.com/103x102.png/dddddd/000000,kkempe11@dion.ne.jp,zK5=3Z<r7ff6P,64364 Manley Trail,70160,Louisiana,United States,"Toxic effect of alcohols, accidental (unintentional), subs"
Lanette Clewett,http://dummyimage.com/108x112.png/ff4444/ffffff,lclewett12@google.com,"nQ2?UF4C)u.,r",1061 Talmadge Avenue,57105,South Dakota,United States,Unspecified fracture of lower end of humerus
Galven Fort,http://dummyimage.com/103x111.png/ff4444/ffffff,gfort13@netscape.com,"tZ0',<0_qLSk",0 2nd Drive,46620,Indiana,United States,"Unspecified fracture of fourth metacarpal bone, right hand"
Ricard Dedham,http://dummyimage.com/106x117.png/dddddd/000000,rdedham14@state.gov,tN3&Cs<$$J`U&!,4 Prairieview Lane,08619,New Jersey,United States,"Transient cerebral ischemic attack, unspecified"
Karmen Silvers,http://dummyimage.com/100x115.png/cc0000/ffffff,ksilvers15@google.de,hZ2)aO<ex$.,18864 Artisan Parkway,20167,Virginia,United States,"Other chronic osteomyelitis, right tibia and fibula"
Isa Huckerby,http://dummyimage.com/120x119.png/5fa2dd/ffffff,ihuckerby16@comsenz.com,mV3.80I)>B,8367 Lillian Lane,96835,Hawaii,United States,"Blister (nonthermal) of nose, subsequent encounter"
Rickard Andrzejewski,http://dummyimage.com/119x119.png/5fa2dd/ffffff,randrzejewski17@hatena.ne.jp,iQ3&mJdBR0G,91 Pierstorff Lane,43204,Ohio,United States,"Sprain of MTP joint of right great toe, sequela"
Gerri Ackeroyd,http://dummyimage.com/110x117.png/ff4444/ffffff,gackeroyd18@tripod.com,uA0`CX=ynmpw2I<,66 Schlimgen Center,72231,Arkansas,United States,"Melanocytic nevi of eyelid, including canthus"
Max Bellefant,http://dummyimage.com/108x120.png/dddddd/000000,mbellefant19@mayoclinic.com,fZ6*am+z<_I?1pK,1593 Shoshone Pass,24503,Virginia,United States,"Minor laceration of right innominate or subclav vein, init"
Killy Ellaway,http://dummyimage.com/114x111.png/ff4444/ffffff,kellaway1a@homestead.com,sJ0?PU0POZhSE`,5954 Arizona Drive,85748,Arizona,United States,Laceration w foreign body of abd wall w/o penet perit cav
Emory Bourthoumieux,http://dummyimage.com/118x107.png/dddddd/000000,ebourthoumieux1b@dmoz.org,oD3(YQOv,93180 Helena Circle,38104,Tennessee,United States,Sprain of left acromioclavicular joint
Gaultiero Robertazzi,http://dummyimage.com/109x111.png/dddddd/000000,grobertazzi1c@prweb.com,vP1&Be*.R8,41500 Red Cloud Hill,32236,Florida,United States,"Lacerat extn musc/fasc/tend l mid finger at forarm lv, init"
Reggy Whapham,http://dummyimage.com/117x109.png/dddddd/000000,rwhapham1d@icio.us,xC4(MD@3`$`8,3 Redwing Circle,48211,Michigan,United States,"Diffus TBI w LOC w death due to brain injury bf consc, sqla"
Shari Iczokvitz,http://dummyimage.com/101x105.png/cc0000/ffffff,siczokvitz1e@ebay.co.uk,uY4#KK7n4,13 Westport Terrace,45408,Ohio,United States,"Disp fx of dist phalanx of r less toe(s), 7thP"
Logan Stockoe,http://dummyimage.com/117x102.png/ff4444/ffffff,lstockoe1f@virginia.edu,oS7_bi=yzJ_,2592 Hanson Trail,37250,Tennessee,United States,Other neonatal aspiration
Arlen MacGuffog,http://dummyimage.com/105x120.png/dddddd/000000,amacguffog1g@spiegel.de,pT4'dReU<!tq8t,614 Derek Court,73114,Oklahoma,United States,"Disp fx of medial condyle of unsp humerus, init for opn fx"
Lodovico Sommer,http://dummyimage.com/106x105.png/cc0000/ffffff,lsommer1h@ezinearticles.com,yW9>*bo5N>QA7,790 Annamark Lane,20380,District of Columbia,United States,"Burn of second degree of unsp scapular region, subs encntr"
Read Eacott,http://dummyimage.com/119x107.png/5fa2dd/ffffff,reacott1i@gmpg.org,oP7`$@HS6,33626 Everett Junction,74170,Oklahoma,United States,"Inj musc/tend the rotator cuff of unsp shoulder, sequela"
Lotta Davie,http://dummyimage.com/102x106.png/cc0000/ffffff,ldavie1j@tripadvisor.com,"uG0_W?&+d01""+Y)}",80 Upham Drive,98464,Washington,United States,"Juvenile osteochondrosis of hip and pelvis, unsp, right leg"
Nikolaos McGrae,http://dummyimage.com/119x110.png/ff4444/ffffff,nmcgrae1k@unc.edu,zI7`H7Z=,22 Sunfield Parkway,94142,California,United States,"Toxic effect of other pesticides, undetermined, sequela"
Spike Giamo,http://dummyimage.com/113x104.png/ff4444/ffffff,sgiamo1l@blinklist.com,"pJ2""oG`K+#",79 Stuart Terrace,76178,Texas,United States,"Posterior dislocation of unsp acromioclavicular joint, init"
Clayborne Subhan,http://dummyimage.com/120x100.png/cc0000/ffffff,csubhan1m@shutterfly.com,"sG6\p,==OO~",6 Tony Crossing,30605,Georgia,United States,"Nondisp avulsion fx left ischium, subs for fx w nonunion"
